5/14/2022,-22.2528986,-45.7049987,96287 Eastwood Alley,""
7/12/2021,17.9410217,120.5817801,55919 Mallory Place,""
6/8/2020,36.982186,111.18115,61 Bobwhite Park,
4/29/2021,16.9270749,97.3678624,6995 Killdeer Circle,
11/18/2020,59.9026039,10.767309,8179 Washington Plaza,""
6/19/2022,-0.9761111,100.6838889,63149 Kingsford Street,
5/7/2022,7.2571325,5.2057909,12460 Shoshone Drive,
4/13/2020,-3.4301491,114.678669,47 Pine View Street,""
6/4/2021,29.002602,65.6639904,39 Golf View Avenue,""
8/8/2023,49.8932232,12.7301543,40 Surrey Way,""
3/27/2020,36.1505981,-95.78793,64347 Dottie Alley,""
3/15/2021,-6.8907337,111.2785407,04 Delaware Avenue,""
8/10/2022,23.084122,114.382541,,""
5/29/2022,-21.35188,-46.4970116,3480 Lake View Place,""
1/7/2023,14.63441,-91.578904,554 Scott Terrace,""
10/2/2020,42.8494142,27.7900409,8 Portage Avenue,""
5/12/2023,38.80549,-9.3277081,66941 Mifflin Parkway,""
5/7/2020,23.5958633,120.2858846,660 Marcy Road,""
11/13/2022,46.4027492,-63.7716391,9697 Comanche Center,""
7/14/2021,5.9,6.833333,6497 Schurz Center,
2/5/2021,53.180879,17.0835566,56262 South Way,""
9/30/2023,9.7209866,123.8784551,77 Boyd Point,""
7/28/2022,49.8881618,15.5262702,22 Moland Way,""
12/12/2022,4.9237913,-52.3205637,448 Continental Terrace,""
5/30/2023,30.9578398,107.8655766,14 Kings Circle,""
11/17/2021,50.8294542,19.2859852,8299 Forest Plaza,""
9/1/2020,29.060527,87.762163,,""
11/19/2020,50.749001,15.702767,98 Melrose Place,""
1/25/2023,28.976995,116.762907,90 Oriole Lane,""
1/2/2023,40.9175193,-8.4280201,43 Dakota Trail,""
12/24/2021,18.0226967,101.8812323,13 Fairview Point,""
5/10/2020,9.6522451,124.3690673,19114 Crest Line Place,""
8/9/2022,14.84276,-88.493797,14886 3rd Way,""
1/24/2024,-21.9221397,-50.7317774,25 Raven Crossing,""
1/12/2023,32.7089435,115.968206,25 Mitchell Center,""
3/20/2022,23.7221111,-15.9347384,8 Oak Valley Parkway,""
4/12/2020,49.1472664,-102.9866567,4 Cambridge Park,""
12/24/2023,54.3484483,20.168727,60 Summit Avenue,""
1/23/2022,32.903454,-117.2195678,706 Delladonna Lane,""
11/5/2023,-7.3162208,140.4308159,2236 Redwing Junction,""
12/19/2020,40.3418956,21.5118754,61 Clarendon Lane,""
5/3/2021,-7.1332,113.53472,72307 Main Crossing,""
12/29/2021,-8.3243906,122.9846079,967 Oriole Street,""
4/5/2023,10.554131,123.0143845,5 Caliangt Avenue,""
1/8/2023,-5.7966464,-35.2370177,43415 Donald Road,""
7/7/2020,39.952319,119.598195,25 Texas Road,""
8/11/2022,-6.3621916,106.8502879,267 Kipling Place,""
6/23/2022,51.7173795,15.4240467,07301 Oriole Place,""
2/12/2020,59.4487214,17.8043161,7 Hovde Center,""
7/20/2023,52.1028471,21.0281495,513 Fair Oaks Street,""
9/30/2020,9.9296381,123.1721164,2 Anthes Court,""
1/26/2024,43.3497076,26.626104,69070 Luster Terrace,""
11/29/2020,40.7553689,-8.6455126,86164 Sullivan Lane,""
5/2/2021,48.94153,-125.54635,62 Jay Road,""
11/15/2020,16.9022,121.76191,,""
8/26/2021,53.2580126,-113.5502218,65 Waxwing Terrace,""
3/10/2022,38.4112661,140.3538627,6 Continental Alley,""
7/20/2021,9.6314,123.0873,602 Green Ridge Trail,""
3/19/2022,23.0404768,-82.0107395,2 Waywood Trail,""
7/20/2022,41.9867326,-8.3742728,72611 Logan Lane,""
4/22/2022,7.160227,125.05806,75350 Algoma Lane,
9/21/2020,51.7211356,5.2985109,01231 Bay Crossing,""
8/30/2022,8.12722,122.845,7 Sachtjen Trail,
2/13/2022,9.3887516,-67.0613528,,
1/12/2024,57.5798009,11.9641514,6 Buena Vista Plaza,""
5/27/2023,49.0920346,16.6293361,,""
7/13/2022,27.022774,118.304966,6 West Crossing,""
8/1/2022,55.7728505,37.4897574,45926 Westport Avenue,""
7/11/2021,45.1364794,20.0820648,627 Atwood Center,""
1/25/2023,27.1840722,114.9749001,252 Hallows Court,""
2/21/2020,22.993423,113.718807,228 Mifflin Point,""
12/18/2021,53.3274494,17.8753018,,""
7/24/2021,11.5294306,122.0953896,75322 Sunfield Center,""
10/9/2021,28.151803,109.394445,611 Fairfield Circle,""
7/29/2020,10.6952642,106.704874,,""
8/28/2023,-8.5437,115.1036,092 Declaration Road,""
6/4/2022,43.9015048,22.2738011,8 Canary Road,""
7/27/2020,16.8660694,96.195132,01937 Mallard Road,""
6/8/2021,29.301449,111.101029,2 Brentwood Trail,""
1/17/2021,-6.716667,111.216667,,""
7/14/2020,-27.112723,-109.3496865,096 Oriole Avenue,""
5/10/2022,9.2209606,-74.4028287,56 Westerfield Crossing,""
9/26/2020,32.837949,35.399996,4 Artisan Terrace,""
9/9/2021,35.910325,14.424426,1 Leroy Junction,""
4/19/2022,29.809116,119.781131,04340 Surrey Plaza,""
3/19/2022,51.3854177,20.4867499,9664 Jenifer Way,""
7/18/2022,13.4441374,144.7820914,33 Truax Trail,""
9/9/2023,-17.7332512,168.3273245,77964 Morrow Terrace,""
9/16/2022,22.62097,100.721884,78 Bartelt Terrace,""
9/13/2021,38.6160491,-90.2291565,05 Di Loreto Road,""
1/8/2022,7.6703363,123.0043968,39158 Spenser Center,""
11/20/2021,59.312956,18.068285,,""
9/1/2020,32.7476492,-97.0924899,25587 Corscot Hill,""
1/13/2023,47.5271519,19.1172826,,""
11/9/2022,-27.4697707,153.0251235,45540 Karstens Alley,""
8/3/2020,-8.4813579,122.9634852,51 Pierstorff Street,""
4/14/2021,26.170171,118.190467,74175 Westerfield Alley,""
12/15/2022,18.0675189,-63.0824656,6163 Texas Circle,""
10/8/2021,13.875123,121.911825,1673 Cardinal Alley,""
2/7/2020,-6.9695439,112.5155694,938 Forest Place,""
6/16/2022,22.8157128,108.3451423,6 Meadow Valley Street,""
2/18/2021,45.7544209,17.049649,0 Darwin Court,""
10/5/2020,29.176523,120.390932,958 Center Trail,""
12/14/2023,-20.3438619,57.7636821,,""
7/26/2022,9.3554435,104.9856176,,""
9/6/2021,18.0506,121.819,,""
9/6/2023,38.3143554,26.1321521,0129 Golf Course Circle,""
2/25/2022,51.2358934,23.5939963,602 Porter Park,""
8/8/2020,31.352859,118.432941,289 Kinsman Avenue,""
5/29/2022,6.343847,-72.814792,0486 Melody Place,""
11/16/2022,19.199386,110.545513,9 Macpherson Pass,""
9/3/2023,13.3132472,12.6158803,4678 Burning Wood Park,""
10/3/2021,18.8539206,-71.3009387,700 Forest Run Park,
2/23/2023,41.2404491,44.8236089,,""
3/20/2022,43.6504207,1.3412205,67 Corry Drive,""
1/18/2023,29.26008,110.70434,76892 Pearson Park,""
10/30/2022,50.35008,-113.76866,0 Fordem Circle,""
10/5/2020,-26.433666,29.460311,,
6/20/2023,57.7162077,12.0399013,428 Tennessee Pass,""
9/28/2020,36.13521,107.382043,5 Bunker Hill Drive,""
4/16/2021,-10.8050342,-76.9794276,5 Ryan Road,""
12/22/2023,-43.2098678,171.3169384,25 Continental Crossing,""
1/17/2021,-32.9549324,27.9319131,1 Debra Trail,""
12/4/2023,38.290338,-8.2274142,928 Carey Drive,""
9/21/2021,40.71667,19.56667,27405 Lighthouse Bay Alley,""
6/14/2020,14.5427102,-91.4587127,,""
10/11/2020,65.9624289,28.1238568,,""
9/26/2021,39.9870663,48.4692545,9690 3rd Junction,""
3/26/2021,60.5686508,26.4733066,42393 Portage Park,""
1/27/2023,-8.4500758,118.7278177,04 Blaine Hill,""
12/23/2023,56.166667,107.433333,085 Corben Junction,""
7/29/2021,54.9295907,19.9482276,988 Clemons Hill,""
5/3/2023,58.1858939,11.9854751,64 Meadow Ridge Drive,
3/31/2020,-16.4443537,-39.0653656,16 Heffernan Crossing,""
3/24/2022,-6.1965654,106.8226808,919 Bunting Park,""
4/18/2020,32.331765,121.185201,7 Rusk Road,""
9/7/2021,10.333833,123.9266643,48 Delladonna Park,""
4/6/2020,45.97927,-81.9248,04 Bellgrove Avenue,""
4/19/2021,45.3095119,20.7261064,011 Sycamore Crossing,""
8/26/2023,40.401045,117.998902,,""
10/15/2021,41.6412644,19.705595,,
9/13/2020,49.0702518,23.8543141,9031 Monument Trail,""
11/27/2021,22.900182,112.892578,3 Eliot Parkway,""
6/28/2020,49.4841887,17.3382537,3 Bayside Park,
3/26/2022,47.577495,130.828626,79 American Ash Road,""
6/10/2021,47.3525565,127.4199187,72 Moose Alley,""
11/30/2023,14.5699334,121.0204582,6835 Dayton Pass,""
8/30/2020,13.60375,26.68413,1295 Anthes Junction,""
4/9/2023,24.546876,107.04219,58876 Golf Crossing,""
10/18/2020,-9.6670621,124.3754414,8370 Village Crossing,""
9/16/2022,14.0031627,0.7556575,4 New Castle Street,""
5/22/2022,59.8436248,10.790337,4644 Fallview Circle,""
9/12/2021,8.0693651,123.535497,8771 American Ash Point,""
9/1/2021,15.0983576,-90.3903337,4566 Caliangt Lane,""
11/12/2020,-6.9211461,107.6940475,15 Monterey Point,
6/29/2023,55.84069,55.40834,14 Warrior Crossing,
2/8/2022,49.935213,21.8727139,63 Ryan Crossing,
12/16/2022,40.4501529,-7.9700042,,""
3/3/2021,41.6714042,-8.410695,75692 Mandrake Center,""
9/6/2021,-29.4933611,-63.6964035,63609 Bunker Hill Center,""
11/22/2023,-22.0853991,-65.5975218,931 Norway Maple Parkway,""
4/26/2021,-6.801576,108.0331918,1409 Algoma Trail,""
3/6/2020,-10.4585809,121.9615308,44 Armistice Junction,""
1/2/2022,45.3613644,18.5422141,7563 Hansons Crossing,""
4/21/2022,38.569555,114.040348,00263 Laurel Alley,""
7/6/2022,48.8383589,2.6618245,,""
10/28/2021,-22.4101426,-47.5717516,901 Bonner Place,""
10/24/2021,46.4845293,13.7857145,26 Mandrake Park,""
9/17/2021,43.6709677,26.7336839,054 Westend Circle,
11/4/2023,16.7909044,-62.2106241,,""
3/3/2023,33.347316,120.16366,1236 Old Gate Alley,""
6/30/2020,7.7657031,-80.2711588,906 Merrick Road,""
5/11/2021,30.6107721,53.1911235,97 Derek Crossing,""
5/5/2020,9.9372776,105.6236585,1 Bellgrove Road,""
3/12/2020,16.1160065,100.8451467,7031 Burning Wood Place,""
1/15/2022,31.2371338,121.498955,4897 5th Alley,""
5/16/2020,40.3111887,-3.7371617,50 Leroy Place,""
12/14/2023,44.7739151,34.5968895,693 Charing Cross Terrace,""
1/3/2021,41.6570939,-8.573081,6894 Truax Hill,""
1/20/2022,14.6592829,121.0483527,1803 Cottonwood Center,""
4/13/2023,-8.1101209,112.3963638,6 Dakota Hill,""
1/26/2022,9.7016493,-84.1005807,23 Ryan Circle,""
4/17/2023,41.7371087,20.3241791,,""
3/19/2022,28.2281301,112.9884237,,""
12/16/2020,41.407302,22.6642592,570 Summer Ridge Drive,""
7/19/2021,9.2573324,105.7557791,,""
1/25/2022,36.951766,102.494696,,""
2/11/2022,8.4462028,-80.5327324,9731 Holmberg Lane,""
12/11/2021,45.8131644,14.3171319,02 Loomis Circle,""
5/4/2022,42.746368,-73.758719,,""
9/25/2023,9.8566537,123.1426191,461 Paget Avenue,""
3/13/2021,-8.2399,124.4052,5 Sycamore Street,""
3/13/2023,23.614734,115.49047,,""
6/6/2022,29.00431,111.742951,38 Grim Drive,""
6/19/2020,33.5050373,130.3331069,0884 Florence Road,""
5/6/2021,15.4097396,104.9201205,910 Commercial Parkway,""
6/19/2023,-19.7667781,-43.0343237,29 Lunder Plaza,""
5/15/2023,42.6978209,23.3245641,23181 Clove Point,""
8/23/2021,22.975052,106.342399,,""
11/14/2022,-6.9325697,109.6579791,900 Reinke Junction,""
3/9/2021,-6.5211331,106.8502879,4 Novick Point,""
8/5/2021,59.4411274,30.1610699,98228 Haas Terrace,""
4/7/2023,32.0607438,45.2384164,887 Northfield Trail,""
3/11/2022,-15.576624,-72.1293262,42 Lakeland Junction,""
8/27/2022,40.1999522,-8.5031422,6143 Debs Center,""
11/26/2022,48.1875683,17.0216706,70 Messerschmidt Avenue,""
5/30/2022,-27.574998,-50.1626664,,""
7/31/2021,1.1290835,121.4056153,79 Warrior Center,""
3/13/2022,37.8234119,140.9686224,8 Oneill Street,""
4/17/2023,31.2219543,-9.0736964,4 Sunbrook Terrace,""
12/6/2023,41.308715,-8.1332997,989 Dottie Circle,""
9/17/2022,58.8144355,40.7334111,485 Mayer Drive,
8/4/2021,48.9005909,2.5197726,1 Clyde Gallagher Way,""
10/12/2020,-15.8402218,-70.0218805,517 Calypso Trail,""
1/6/2023,7.7085722,122.8673554,8213 Ronald Regan Park,""
9/17/2022,-4.9426131,39.7433571,08 Holmberg Street,""
5/24/2020,-0.4993281,37.2784835,8 Harbort Center,""
3/25/2022,42.9963758,21.944034,8 Sheridan Circle,""
6/17/2020,35.7297805,140.2669505,,""
10/5/2023,47.1900322,102.8340449,941 Packers Lane,""
1/2/2023,30.823499,104.158705,763 Bayside Drive,""
8/26/2021,40.6,-75.47,30349 Onsgard Hill,
5/16/2023,43.8324929,4.3662321,48 Manitowish Court,""
12/25/2022,50.969668,18.7293002,78365 8th Point,""
9/23/2023,38.6580874,-8.7698425,8 Golden Leaf Road,""
12/8/2023,-24.6664408,25.5325797,3077 Transport Avenue,""
9/30/2021,21.3392818,106.2327247,2773 Sage Court,""
8/21/2023,3.5737543,-76.01598,,""
11/8/2021,59.4641209,18.0433215,9 Springs Parkway,""
5/27/2020,7.1760285,125.4423957,605 Forest Dale Trail,""
7/6/2020,40.8151906,111.6954214,7 Melody Drive,""
2/2/2021,55.3293156,42.0426795,6742 Forster Drive,""
5/25/2022,32.0188765,35.881947,86606 Warbler Alley,""
8/5/2023,16.3770105,104.5422225,01175 2nd Drive,""
3/13/2020,25.9375976,-100.3638252,8037 Prairieview Circle,""
11/5/2021,-30.0263293,25.7797078,74876 1st Crossing,""
10/8/2023,-6.7659245,111.5259628,1644 Dixon Street,""
7/29/2020,-18.9201331,29.8236554,88001 Longview Avenue,""
5/1/2022,48.8693156,2.3501981,37520 Spenser Street,""
12/15/2021,41.746429,22.199654,08405 Grim Court,""
1/31/2022,23.3790333,113.7632828,4 Lakewood Center,""
12/16/2020,14.0206423,123.2983232,10208 Annamark Lane,""
4/16/2021,44.6034915,20.45241,07 Rockefeller Crossing,""
6/27/2021,41.3888512,-8.4334674,2868 Bobwhite Circle,""
12/2/2022,39.7887592,-8.0603988,40 Mosinee Parkway,""
1/26/2022,34.329605,108.708991,85 Di Loreto Place,
5/30/2020,27.718295,119.394148,37 Onsgard Trail,""
2/19/2022,13.4291,123.279,23506 Autumn Leaf Street,""
12/13/2020,29.510961,106.658065,71074 Bunting Drive,""
2/26/2022,34.7474,111.87448,89 4th Avenue,""
10/10/2022,-34.9368789,-54.9281496,351 8th Pass,""
5/13/2023,-9.3809238,119.3984531,982 Scofield Parkway,""
1/23/2021,-22.2454935,-50.7031569,56 Thackeray Point,""
7/5/2023,54.3082668,26.7832545,,""
8/5/2021,39.979686,116.481068,6 4th Court,""
5/26/2020,16.7275474,103.7358277,5621 Talmadge Plaza,""
2/28/2021,37.4760836,140.9466447,49 Forest Run Lane,""
11/15/2022,-7.6108474,109.113684,,""
3/14/2020,27.0449005,84.8672171,39 Paget Court,""
1/4/2022,9.74084,-75.519872,64205 Melody Circle,""
10/16/2022,43.7441795,2.511999,72821 Ludington Park,""
11/29/2022,32.016539,35.068807,5 Arkansas Place,""
7/22/2022,44.6380305,21.6773447,145 Forest Point,""
9/23/2020,8.1402266,-5.0963141,09 Loeprich Plaza,""
1/13/2022,30.17,-92.06,2 Fordem Alley,""
4/20/2021,1.3229337,124.8405081,8852 Fordem Trail,""
8/18/2021,40.3053813,71.957917,106 Utah Park,""
12/24/2023,34.386714,107.445334,3126 Derek Junction,""
11/21/2022,43.193399,128.7887591,4 Rockefeller Street,""
7/19/2020,11.5346745,108.0954351,963 Petterle Center,""
5/22/2021,41.4548181,-8.2493359,7691 Forest Place,""
4/4/2023,22.9874431,-82.7535929,9184 Derek Point,""
8/4/2022,43.7367435,16.9849984,4092 Algoma Alley,""
1/11/2022,45.2865242,-72.9768148,1588 Miller Hill,""
2/22/2023,39.8926924,-8.3687908,3158 Cambridge Terrace,""
10/17/2022,40.4304536,-3.7105118,534 Surrey Circle,""
4/22/2021,38.103487,117.742101,69213 Burning Wood Hill,""
11/26/2022,39.07472,117.30056,2091 Anderson Avenue,
3/2/2021,14.0879532,-91.0513914,06860 Erie Park,""
6/10/2023,38.4600166,-9.1141307,,""
10/22/2021,24.7021073,121.7377502,20514 Hansons Center,""
12/22/2023,54.134434,51.5316589,7 Dahle Trail,""
3/13/2023,14.6014909,103.0933171,5 Waxwing Road,""
6/18/2023,39.5061499,20.2655339,9 Green Ridge Lane,""
6/5/2023,9.0568265,6.1434201,58 Village Road,""
7/6/2022,63.5272366,24.6581193,2 Sunnyside Crossing,""
9/30/2020,7.894825,98.298895,924 Magdeline Drive,""
1/10/2021,-16.4613315,-49.9588111,751 Washington Way,""
5/13/2023,-0.1869837,100.6537593,45 Wayridge Plaza,""
1/22/2024,-19.4085525,-42.374164,2 Glendale Street,""
11/9/2022,48.830394,2.2372823,6787 Lawn Parkway,""
3/24/2020,32.8904175,13.2306332,21633 Redwing Pass,""
1/8/2023,17.5358596,121.6851715,4 Towne Park,""
11/22/2020,16.0684136,119.9874642,8116 Blaine Way,""
7/23/2020,42.0291575,-8.3299947,7021 Dunning Drive,""
10/13/2022,-15.158624,-48.2802925,84739 Service Hill,""
6/25/2023,-31.5534831,-63.5362339,1331 Main Hill,""
6/2/2020,29.650449,98.533976,48410 4th Avenue,
4/7/2023,14.3745863,120.8733403,,""
9/29/2022,5.119358,-75.023736,80244 Express Place,""
9/4/2023,29.299402,115.980074,83 School Terrace,""
2/12/2023,25.1858677,44.6019551,82653 Dennis Place,""
6/26/2023,3.5833333,39.4166667,29 Dakota Point,""
4/21/2021,46.823629,-0.4928359,7103 Dahle Road,""
6/30/2022,34.9540542,135.7515062,57071 Macpherson Crossing,""
3/14/2020,5.7204203,10.901604,76 Buell Lane,""
9/19/2023,-9.0933664,124.8905151,8088 1st Avenue,""
10/21/2021,14.5925105,121.0404991,417 Carioca Terrace,""
3/23/2021,-5.6353028,-35.4210417,3447 Rusk Place,""
10/19/2022,53.6936156,16.7047258,07727 Springview Street,""
11/16/2022,30.401356,-97.7525352,591 Karstens Way,""
4/10/2022,32.2009532,119.4314373,10 Walton Avenue,""
5/15/2022,53.3004898,-6.2634596,3 Fremont Place,""
12/20/2023,22.4583,113.034187,,""
3/7/2020,-20.4557393,-63.5186518,99944 Lukken Lane,""
5/13/2023,52.2876905,45.3602833,5 Katie Avenue,""
7/16/2023,14.565668,121.0317737,8 Grim Circle,""
7/19/2023,52.5112898,6.092908,0 Armistice Circle,""
2/14/2020,36.7411205,43.8808488,4581 Riverside Road,""
2/18/2021,-7.5450262,111.6556388,09 Hoepker Alley,""
1/17/2024,33.6086342,-7.632555,487 Little Fleur Avenue,
11/29/2023,36.7715984,10.2768388,6 Jackson Avenue,""
12/26/2022,55.5449766,13.953453,55 Ohio Pass,""
6/2/2020,43.3293419,5.3835222,111 Carey Crossing,""
4/2/2023,-8.1275349,112.2711875,372 Gateway Hill,""
9/28/2023,-8.401854,114.118103,245 Aberg Lane,""
6/12/2023,40.1082397,44.0206741,83532 Eastlawn Lane,""
6/10/2022,52.9152117,23.4961724,349 Annamark Junction,""
9/24/2020,60.9417483,26.3923127,73 Dunning Center,""
6/14/2020,43.8324929,4.3662321,4129 Barby Parkway,""
7/28/2022,45.6103043,79.467517,129 Carioca Pass,""
8/19/2022,59.2690301,17.675786,5 Granby Parkway,""
5/12/2021,-8.1384242,112.0804259,5 Stone Corner Point,""
11/2/2023,48.1779574,-1.7555399,9850 Hudson Center,""
10/6/2022,22.676245,113.418215,78 Holy Cross Trail,""
7/31/2022,45.396383,4.3258963,,""
1/16/2023,57.73598,47.01265,12 Doe Crossing Point,""
12/10/2022,-21.7668575,-52.1096427,004 Glacier Hill Place,""
6/14/2023,42.546675,129.010106,233 Banding Junction,""
10/15/2022,32.1030654,131.3999389,,""
11/30/2023,-16.328546,-48.953403,78536 Chinook Drive,""
11/30/2023,-8.2824,120.4087,62143 Algoma Crossing,""
6/27/2022,13.657259,123.5098357,9193 Esch Drive,""
7/26/2021,47.5039111,19.0158217,18786 Gateway Junction,""
2/24/2023,10.335192,123.3262483,1529 Fisk Terrace,""
8/5/2021,15.6756662,121.1303669,71 Longview Hill,""
7/2/2020,38.4361809,57.4287899,01 Calypso Pass,
8/12/2023,32.229334,-110.8772009,09569 Mifflin Street,""
11/2/2023,-26.0779448,-53.05199,188 Fair Oaks Center,""
11/4/2020,-41.1254857,-71.2485941,1 Anderson Way,
9/12/2023,49.909141,19.6159543,3532 Badeau Crossing,""
7/12/2022,10.0805006,6.1752377,1 East Parkway,""
5/19/2021,29.8867761,-95.54919,,""
6/12/2022,7.6497516,4.3000211,64247 Vahlen Crossing,""
12/15/2022,44.335532,85.625121,7 Holmberg Street,""
4/19/2023,29.696195,106.79542,53 East Trail,
6/1/2021,13.649619,-87.0218192,5831 Columbus Parkway,""
6/16/2021,16.012494,120.2822878,,""
12/11/2020,22.579117,113.081508,22 Sauthoff Circle,""
4/8/2020,-6.7764491,-76.2899071,3809 Rutledge Point,""
1/29/2023,15.787298,120.604649,18 Bartelt Place,""
1/11/2021,60.0142824,30.299306,07982 Comanche Pass,""
5/23/2022,49.8180882,22.4761571,8 Grayhawk Lane,""
3/20/2023,11.366667,7.633333,7978 Schlimgen Center,""
11/21/2023,14.3597816,-87.9028307,09 Hauk Terrace,""
2/26/2020,20.1591959,-100.5064114,05493 Steensland Drive,""
12/6/2022,57.492982,12.0730996,90 Bluejay Court,
7/27/2023,42.8130176,23.2154337,8 Mallard Avenue,
6/15/2020,30.853265,112.375491,47 Elgar Plaza,
12/4/2023,-9.6670621,124.3754414,93 Anhalt Avenue,""
6/6/2020,-27.7203552,-48.563999,801 Loeprich Avenue,""
8/4/2023,59.3449175,17.9492451,118 Arapahoe Junction,""
10/1/2021,55.5772494,39.526478,314 Vera Point,""
9/17/2021,18.4445307,-69.9316834,37 Crowley Trail,""
2/14/2022,39.9368237,116.4442945,,""
4/17/2020,8.4462028,-80.5327324,5703 Buhler Crossing,""
3/5/2020,22.829287,107.200654,12 Bunting Trail,""
8/13/2020,-6.2258,106.7987,958 Marquette Road,""
4/18/2022,-6.8300602,110.8374104,,""
2/15/2020,7.780305,125.011558,9 Merrick Avenue,""
10/17/2023,7.1453088,3.3590446,,""
4/7/2021,46.625456,16.3144961,,""
8/6/2023,51.3842543,58.9999439,186 Harper Pass,""
7/5/2020,14.6440549,121.0286448,,""
6/8/2021,56.93333,49.15361,54346 Jay Avenue,""
10/29/2022,5.6080848,-54.398656,9 Old Gate Hill,""
1/3/2024,57.7230291,11.9323841,91507 Pawling Avenue,""
3/31/2022,6.3833462,-75.5858886,26 Springview Alley,
3/13/2023,-19.6633028,22.1936928,54534 Eagan Drive,""
1/23/2023,36.80752,43.03831,842 Gateway Pass,""
9/2/2023,49.9672504,5.8900588,91762 Blackbird Center,""
3/25/2023,36.730837,104.785208,52 Continental Terrace,
4/6/2021,22.9550072,113.0126011,8 Ryan Junction,""
2/9/2021,-4.3499796,152.2714594,1 Dixon Crossing,""
3/19/2023,51.4700683,16.6142027,,""
5/7/2021,45.5458137,18.28907,89138 Ilene Drive,""
10/9/2021,51.8796,4.5059,9792 Ohio Road,""
11/14/2020,-7.7823871,110.374855,6587 Rusk Hill,
2/21/2020,9.948066,-84.059822,74 Lotheville Circle,""
4/19/2021,51.3457825,22.9059007,41 Paget Junction,""
1/29/2023,18.506048,110.037503,9 Lakewood Gardens Lane,""
9/15/2020,22.3380865,104.1487055,9 Shelley Trail,
6/27/2022,22.795672,-82.5131717,4 Bunker Hill Avenue,
9/27/2020,-8.0751481,-37.269356,,""
8/15/2020,39.3897164,22.9982253,37649 Morningstar Drive,""
11/14/2022,59.4935321,18.0655876,215 Logan Street,""
3/1/2022,9.1169815,-79.5715822,523 Claremont Circle,""
8/1/2023,25.864049,119.540362,7244 Del Sol Drive,""
4/11/2022,29.248085,117.861797,6 Manufacturers Avenue,""
7/12/2021,46.748522,82.978928,2 John Wall Way,""
2/10/2020,41.3108613,-8.1338719,52 Moulton Trail,""
3/22/2020,32.19828,119.47016,,""
7/29/2021,27.9972231,67.9616412,10 6th Trail,
2/9/2021,33.8881512,135.1560405,8645 Rieder Street,""
10/22/2021,22.765392,112.964446,50327 Nobel Road,""
6/17/2023,36.7226027,-4.467102,09 Crescent Oaks Lane,""
1/21/2024,49.7154835,23.9055618,4 Lakeland Park,""
7/3/2023,-6.0419882,-76.9700669,768 Hazelcrest Terrace,""
11/10/2023,19.3002127,-70.2535901,,""
9/15/2021,44.8055893,-0.630617,7275 Reindahl Road,""
6/23/2020,22.058407,110.792856,3 Emmet Crossing,""
8/19/2023,5.9840985,116.0761121,961 Green Ridge Hill,""
5/22/2020,35.8939566,117.9249002,18 Dayton Alley,""
1/11/2021,39.325788,111.962127,653 Novick Hill,""
2/23/2021,49.1063903,17.164335,16 Bowman Street,""
9/9/2023,-3.8847265,130.897445,50 Grover Place,""
1/30/2021,61.063264,42.0892601,56224 Cherokee Place,""
11/26/2022,31.02364,121.215916,355 Transport Terrace,""
5/1/2022,38.0324108,114.6843819,2 Ilene Drive,""
3/19/2023,-9.7222,124.6496,,""
10/31/2023,29.985295,122.207215,99 Sauthoff Road,""
1/28/2023,39.8019855,-8.8714085,,""
8/4/2022,49.094671,121.0466839,,""
6/8/2023,30.9833081,121.1229953,5 Bellgrove Junction,""
2/1/2024,56.7980147,60.4890295,3 Doe Crossing Parkway,""
5/23/2022,-6.6211529,106.794275,,""
2/13/2023,-7.02476,107.08093,326 Novick Place,""
6/28/2022,43.4945737,5.8978018,6 Prentice Trail,""
9/9/2020,-6.7378881,-35.6860723,7826 Talmadge Park,""
4/9/2020,-7.1757667,111.5811123,12581 Donald Avenue,""
9/27/2023,49.224335,15.6616683,64 Fordem Trail,""
3/17/2020,-18.4097245,-49.2162908,61071 Division Way,""
12/22/2022,57.995662,114.2615751,16298 Darwin Plaza,""
3/12/2020,42.5666535,1.5994581,6256 Nova Court,""
1/3/2022,31.689906,114.503413,088 Anthes Court,""
4/11/2023,-8.1429,112.2206,85 International Court,""
4/21/2020,6.9280156,79.8908308,46 Mariners Cove Junction,""
12/27/2023,4.4210661,-76.1899661,650 Harbort Parkway,""
1/28/2021,10.6794457,37.2597576,1856 Brickson Park Street,""
4/19/2023,5.3847763,95.9602371,9472 Roth Center,""
10/12/2020,14.0804623,-90.3793599,049 Hayes Avenue,""
11/29/2021,14.8305973,120.9723263,68145 Farmco Alley,
9/23/2020,62.4931114,30.2512315,0 Schmedeman Alley,""
11/13/2022,49.2826578,-123.118728,870 Pawling Pass,""
5/13/2020,37.4852899,-2.2959788,32331 Charing Cross Alley,""
8/1/2023,1.558031,110.382845,,""
3/26/2023,-34.6601867,-58.4475091,47 Dapin Terrace,""
4/16/2021,9.0691769,-62.0458106,,""
8/25/2023,14.41747,101.863168,7 Old Shore Hill,""
11/2/2021,54.9479093,83.1831386,,""
3/18/2021,59.3582766,17.8838787,161 Arkansas Trail,""
2/11/2020,33.237626,72.270844,4 Cottonwood Park,""
12/13/2023,16.0684136,119.9874642,2 Dunning Road,""
1/28/2023,47.8748302,38.0671601,34790 New Castle Hill,""
12/24/2020,54.0297214,28.0892299,4 Stuart Trail,""
8/17/2023,40.9837776,-7.6593048,7 Crowley Trail,""
5/4/2021,14.6388542,121.0041022,8 Bellgrove Way,""
5/25/2023,38.7043276,-9.2315277,,""
6/25/2020,41.5498969,-8.6435589,,""
2/22/2023,22.627308,88.433942,9 Granby Lane,""
9/14/2023,47.8215045,7.540987,83678 Bartelt Circle,""
12/25/2021,-7.7414989,108.1013637,,""
9/16/2021,37.8589492,-25.7944989,79 Garrison Place,""
2/29/2020,9.0462197,123.1281781,25904 Cardinal Hill,
1/22/2022,-15.158624,-48.2802925,406 Schiller Place,""
10/24/2021,-7.0655878,113.7037797,68 Merchant Drive,""
5/5/2021,-9.6602,119.0763,,""
3/21/2022,55.6646665,12.5436481,915 Rigney Circle,""
4/13/2020,-8.2383,123.7896,8 Maple Wood Alley,""
4/11/2021,-23.2251621,-45.8861749,390 Sundown Plaza,""
7/29/2021,59.1499143,9.6586061,,""
6/28/2022,32.8868129,36.0404049,69367 Gerald Lane,""
11/23/2020,18.1145292,121.4023587,,
9/26/2021,29.2444816,52.7830627,925 Northfield Street,""
7/24/2020,22.2724243,105.8804085,85606 Badeau Hill,""
7/7/2023,61.2370214,46.6966268,99 Ruskin Pass,""
11/24/2023,50.246964,120.1896411,01 Harbort Circle,""
12/26/2020,45.6829132,13.9697218,1 Ridgeway Center,""
5/12/2023,43.690835,18.7940562,7608 Hauk Place,""
3/4/2022,-4.1393386,39.3180297,69 Hanover Hill,""
6/12/2022,-45.5712254,-72.068265,,""
7/3/2021,30.741991,121.341969,,""
2/28/2020,4.0224656,9.1954432,053 Eagle Crest Pass,""
8/28/2021,29.115188,93.866536,1197 Main Avenue,""
3/16/2023,6.878872,126.169972,04 Katie Circle,""
4/22/2020,62.389549,17.313773,48 Lerdahl Road,""
12/26/2021,45.9589716,16.3852937,1 Bunting Crossing,""
1/20/2023,48.007399,-66.6722057,1 Blackbird Trail,""
10/18/2022,23.1351485,-82.3695988,246 Golden Leaf Avenue,""
3/30/2021,13.9906389,100.6184588,,""
2/3/2020,36.8517527,138.3628039,,""
7/8/2022,0.8927499,33.5028005,3 Badeau Point,""
5/16/2022,38.7360496,-9.1418159,99 Thierer Point,""
12/17/2022,44.982137,38.9254064,557 Glendale Street,""
4/20/2020,49.7243301,93.2681254,71 Golf Parkway,""
11/1/2023,-22.7342864,-47.6480644,08237 Sheridan Court,""
11/11/2020,50.63258,87.96046,749 Autumn Leaf Court,""
5/22/2022,-8.3693974,115.6273131,9667 Rowland Terrace,""
2/27/2023,44.8099561,20.380088,78852 Hauk Hill,
2/13/2022,49.086678,17.5359749,4857 Meadow Ridge Center,""
5/3/2021,27.8120208,66.6116916,20943 Muir Center,""
6/15/2022,8.3048218,-80.5569566,,""
6/9/2021,-17.0490108,-41.5612423,2002 Kropf Lane,""
8/18/2022,41.0875099,-81.6363869,4140 Fisk Alley,""
2/20/2022,-23.7834562,-53.0762805,0 Transport Circle,""
9/3/2022,3.1523104,101.7178316,44 Cody Point,""
12/7/2021,41.4853545,-7.1808711,2923 Rigney Hill,
10/21/2021,50.6283477,18.7971435,4308 Melvin Place,
8/21/2022,44.4186959,17.0868199,89366 Village Park,""
10/27/2020,49.3649919,18.309005,,
10/10/2021,19.2535103,-99.581953,85993 Sachtjen Street,""
10/13/2020,-8.2211,113.2577,9174 Golf Circle,""
12/11/2023,30.86006,108.650157,74132 Rusk Street,""
11/23/2022,-22.0573092,-46.9774205,0948 Steensland Road,""
5/11/2020,15.3993773,120.9422852,21 4th Road,""
12/18/2020,31.463475,120.649341,49 Cambridge Parkway,""
4/20/2023,38.2,-85.7,78 Fairview Avenue,""
10/6/2020,56.5614229,52.9958953,70468 Eastwood Avenue,""
7/31/2023,38.6395893,-8.9690651,0 Thierer Drive,""
1/29/2024,39.608266,109.781327,2 Forest Dale Center,""
11/3/2020,42.3745311,-88.1263369,,""
1/30/2024,42.4865907,26.5331057,32000 Meadow Valley Hill,""
11/1/2022,5.255183,96.06085,4 Michigan Junction,""
5/4/2023,21.3971282,106.71167,77 Dahle Road,""
1/31/2023,47.3559798,123.9215076,0 Spenser Lane,""
9/20/2023,55.1604671,49.1738671,163 Monica Alley,""
8/15/2023,49.8575338,18.1508117,28 Maywood Court,""
8/28/2021,22.354385,110.947043,,""
1/28/2022,59.4225,30.12389,,""
11/9/2023,49.970045,19.944654,0 Graceland Circle,""
2/7/2020,-7.280135,112.6347636,00 School Hill,""
9/6/2022,-8.801499,115.229209,90 Parkside Lane,""
7/29/2020,25.9400585,-80.2153998,90807 Clove Plaza,""
4/14/2022,-6.9959695,112.5728232,9 Jenna Circle,""
11/30/2022,-7.7285206,110.7897275,72 Arizona Trail,""
1/30/2024,53.532995,57.5184732,89 Moulton Plaza,""
12/23/2021,22.801624,113.525165,16 Tennessee Trail,""
3/6/2023,30.900941,115.610077,786 Maple Avenue,""
12/27/2020,42.7981285,1.5693759,94 Green Ridge Alley,""
12/16/2022,14.3413508,45.0746646,,""
12/13/2020,46.1016128,47.7243761,653 Debra Avenue,""
8/24/2020,49.8545281,18.6057328,,""
7/21/2022,-27.3226376,-50.6378804,9 Springview Terrace,""
11/5/2020,54.7598905,-1.3347302,24 Scott Drive,""
4/29/2023,16.503112,107.3375791,58 Coleman Court,""
3/12/2023,27.867125,107.503649,3689 Hintze Circle,
9/10/2022,14.4590296,-4.9169196,667 Atwood Crossing,""
3/16/2020,53.1936864,-6.590926,62376 Rigney Crossing,""
10/22/2020,-8.0509691,112.6034763,,""
9/29/2023,-7.2505074,107.7928499,408 Lighthouse Bay Trail,""
9/15/2021,-15.1632458,19.1612478,82920 Warrior Avenue,""
2/12/2021,39.109563,117.223371,7 Jenifer Alley,""
10/30/2023,11.7469961,11.9661922,,""
4/12/2020,49.88477,127.5032,680 Forster Street,""
10/22/2023,62.1738098,29.2055142,,""
9/22/2022,15.823909,103.8911999,51861 Waubesa Point,""
1/2/2024,24.3482735,116.6988851,247 Bluejay Crossing,""
2/19/2021,-8.2127777,112.3456985,67 Blackbird Trail,""
8/28/2021,22.919228,115.652151,,""
6/25/2022,59.8095749,29.9755395,7 Monica Place,""
9/1/2020,57.5275396,12.0592344,93622 Rowland Parkway,""
6/23/2020,-30.2488032,-54.9226452,41 Talmadge Court,""
6/9/2020,49.4980908,19.7793013,,""
11/3/2022,22.183206,112.305145,74 Menomonie Circle,""
12/31/2021,36.6926167,67.1179511,,""
8/17/2022,55.8166469,14.0959536,0468 Glacier Hill Plaza,""
9/7/2021,39.903538,116.42675,65 Mallard Plaza,
8/7/2021,1.2255938,-77.6611917,,""
8/5/2022,24.546876,107.04219,83 Oxford Street,""
3/13/2021,49.7243072,13.273185,947 American Alley,""
5/12/2022,23.549701,116.372708,4939 Hovde Center,""
9/15/2021,53.068264,16.136353,1689 Washington Street,""
7/6/2023,14.6213127,-90.5500942,83 Norway Maple Circle,""
8/25/2022,34.26645,108.960747,9371 Forest Place,""
2/15/2020,32.540157,111.513127,4231 Riverside Park,""
3/29/2021,38.627867,114.506303,803 Reinke Point,""
11/20/2023,52.177639,-1.585418,6 Spaight Point,""
6/10/2020,28.46763,119.922796,5621 Macpherson Park,""
8/10/2022,30.5964923,32.2714587,34 Fordem Alley,
12/25/2021,38.0113874,23.6027231,69626 Lerdahl Pass,""
4/23/2021,-14.216667,-73.083333,3 Schlimgen Road,""
4/4/2023,36.3688889,25.4633333,05 Myrtle Road,""
3/14/2020,51.63343,-111.90181,30482 Scott Lane,""
11/21/2020,13.9501075,7.6710889,319 Iowa Point,""
8/2/2022,56.1252914,86.0314623,40908 Dunning Junction,""
10/23/2021,-6.9467616,106.4729811,158 Scoville Center,""
7/1/2021,39.1934799,117.0775313,149 Grayhawk Lane,""
6/11/2023,49.285973,-0.4889547,3 Kim Pass,""
1/29/2022,52.5175,25.8429,738 Northridge Terrace,""
9/5/2021,55.6774662,12.5834168,527 Browning Street,""
8/21/2021,4.3202706,21.1861342,,""
7/21/2020,55.3964727,13.5973884,,""
7/11/2020,-8.0030329,-36.0784687,0 Nelson Street,""
3/24/2022,40.1825437,44.2538203,29156 8th Point,""
6/6/2023,45.8839523,16.416766,210 Roxbury Hill,""
7/21/2020,47.520508,87.750232,85 Mesta Center,""
6/25/2022,53.8237809,27.8686163,6 Summerview Alley,""
10/9/2021,44.0752881,39.0848844,4577 Waxwing Avenue,""
5/16/2023,41.2947756,69.6810338,9479 Gina Way,""
11/16/2023,-14.0121048,-73.8385843,346 Kinsman Alley,""
9/7/2021,65.059972,-13.9922895,933 Sachs Plaza,""
7/31/2022,57.708657,12.0447568,495 Bowman Trail,""
10/31/2022,37.9600766,58.3260629,71 Darwin Way,""
4/17/2022,48.7212066,2.1222327,625 Bunting Terrace,""
12/8/2023,8.1818348,124.147545,79 Artisan Trail,""
7/21/2022,-6.1583904,106.4288088,990 Jana Pass,""
6/11/2020,15.479529,44.2166214,0 Fremont Park,""
12/21/2022,-16.1399754,-70.5363313,0 Center Way,""
6/14/2021,-34.6091049,-58.7005845,718 Holmberg Point,""
3/31/2020,45.8829678,19.9675163,0335 Mayer Road,""
10/27/2023,16.5239803,100.1445851,,""
8/25/2022,48.9126632,2.4201634,64550 Cardinal Pass,""
5/12/2020,53.3934077,17.6633805,68 Mallory Street,""
1/12/2021,1.4888401,103.7839552,,""
3/8/2021,60.0298805,37.8057169,0503 Carey Street,""
3/27/2021,40.0580479,116.3333034,77 Oriole Drive,""
12/2/2022,10.1985612,123.7192022,701 4th Alley,""
5/3/2021,-3.966667,-80.8833329,2118 Anthes Avenue,
4/2/2021,31.046822,115.318821,46187 Butterfield Lane,""
4/25/2021,8.8105088,-75.632447,4017 8th Junction,""
8/30/2021,28.8228403,30.8991338,498 Esker Way,""
2/19/2021,37.3621185,49.1314769,74067 Bluejay Street,""
9/10/2021,11.7367016,122.0389128,,
11/12/2021,-8.081766,-78.0883695,5 Oxford Way,""
7/10/2022,47.304702,5.970378,,""
2/23/2023,48.7893977,9.1962771,8252 Independence Circle,""
11/11/2021,14.6626857,121.0265211,1 Independence Place,""
9/3/2022,44.4249036,105.3215372,,""
7/4/2020,45.5593978,-122.807445,76 Mitchell Court,""
12/22/2022,-28.71667,31.9,75242 Reindahl Alley,""
4/11/2023,56.16974,36.12545,940 Independence Road,""
5/31/2021,13.8263157,100.5053999,2 Northfield Way,""
5/2/2021,32.276495,111.468844,01 Hoepker Trail,""
1/22/2024,58.8965066,15.4323507,1 Kennedy Way,""
3/24/2021,18.226045,121.555888,8470 Moulton Avenue,""
7/10/2021,42.1414947,21.6949963,3277 Holy Cross Plaza,""
10/10/2023,-7.0431437,111.3679689,72509 Erie Way,""
6/1/2020,48.8096645,9.2415192,,""
10/4/2023,25.849502,107.280659,59 Mallard Road,""
6/26/2022,55.7452926,24.3713362,17395 Cambridge Parkway,""
2/3/2023,40.4824514,49.946315,55938 Havey Parkway,""
12/31/2022,36.74,-119.8,0 Fairview Plaza,""
11/12/2020,-8.3884,124.6616,3115 Express Circle,""
7/19/2022,26.05045,118.775821,442 Becker Alley,""
12/30/2020,46.6824698,15.6512293,85820 Division Point,""
8/5/2022,35.76588,101.87139,,""
8/7/2022,-10.2413,123.699,40 Monterey Park,""
8/8/2023,31.707237,-106.45163,7122 Rusk Drive,""
4/18/2023,51.789985,39.559439,,""
2/2/2022,24.965651,102.591737,5 Dorton Circle,""
2/14/2021,41.7669671,129.723402,0 Dakota Drive,
6/28/2020,-7.0258756,107.5176489,82 Eggendart Trail,
2/7/2021,47.854132,-0.607106,507 Elmside Way,""
9/26/2021,23.9563274,113.1916737,84 Fair Oaks Trail,""
8/20/2022,51.0762426,39.1184143,32 Dryden Plaza,""
7/22/2022,40.570338,116.554665,14 Mandrake Circle,""
3/12/2022,15.44485,120.86256,01333 Dunning Street,""
5/26/2021,43.7365869,27.2601131,130 Prentice Park,""
8/22/2021,10.1154358,105.2834404,2955 Grim Avenue,""
10/18/2023,38.6132118,-90.3207299,640 Pierstorff Drive,""
8/18/2021,-23.510329,-47.5632863,,""
12/2/2020,59.362,143.21468,1930 Browning Center,""
7/13/2022,33.9537558,-4.4088857,4712 Holy Cross Plaza,""
12/22/2023,29.2604745,80.9318332,8645 Mesta Pass,""
4/28/2021,-7.9286951,110.289179,47 Forest Plaza,""
3/1/2022,34.2816848,109.002843,79689 Scoville Point,""
3/2/2023,51.3869562,6.1704266,0171 Lukken Pass,""
9/15/2021,-17.9659326,-49.6503106,64 Sunbrook Junction,""
1/21/2022,40.417311,21.0565269,8243 Corscot Hill,""
3/2/2023,24.77848,110.496593,9134 Lake View Place,""
6/15/2022,27.8684314,-82.5270388,32431 Cambridge Circle,""
8/19/2020,37.955893,23.7020975,6 Jenna Road,""
11/19/2023,51.6113555,19.8982345,8422 Walton Pass,""
4/12/2020,47.49714,96.80311,069 Schurz Alley,""
4/3/2021,-7.4231763,106.719766,32836 4th Center,""
9/14/2022,34.7791206,135.4203895,24 Hooker Park,""
8/26/2021,43.0532801,17.6493431,760 Kipling Parkway,""
3/17/2021,25.485074,119.04263,313 Ridge Oak Street,""
8/19/2021,15.9872056,103.1279039,53851 Cody Hill,""
11/5/2020,24.880992,118.71899,983 Evergreen Terrace,""
12/6/2021,1.4994033,33.5490078,0978 Sachtjen Hill,""
7/23/2022,51.9696504,47.3645344,,""
9/28/2023,38.7150205,127.6015031,0 Basil Way,""
12/27/2023,42.8004655,23.4195159,626 Monterey Drive,""
11/26/2020,24.192468,115.665617,,""
10/22/2020,11.9138004,124.7811016,02 Browning Court,""
1/30/2021,51.8417492,5.8715134,,""
11/2/2022,23.394916,114.36847,5354 Coleman Junction,""
5/12/2020,32.19828,119.47016,30777 Jay Drive,""
7/5/2023,-7.3619457,107.9968408,298 Moulton Point,""
3/4/2023,-16.6948713,-49.1019233,26 Lukken Point,""
6/17/2021,40.533557,19.5954894,67 Helena Point,""
8/10/2022,11.2284137,123.0895987,4484 Union Avenue,""
6/24/2023,4.336584,-75.702412,37 Autumn Leaf Terrace,
6/15/2023,-6.9696362,111.4529274,7348 Lillian Park,""
4/28/2023,23.3941709,116.7164574,126 Kensington Avenue,""
1/17/2023,35.547333,112.901438,9 Grasskamp Terrace,""
4/20/2021,-9.147484,33.79272,8764 Spenser Circle,""
10/21/2022,56.9191069,60.4807823,48818 Nevada Lane,""
1/23/2022,50.104315,8.911141,061 Bultman Way,""
9/11/2022,-6.5792655,106.2698669,71 Vidon Center,""
3/10/2023,43.2496743,45.9860099,124 Moulton Junction,""
9/19/2022,10.3291793,123.8864493,492 Nevada Plaza,""
5/29/2021,36.2268985,27.8561492,72933 Riverside Alley,""
12/3/2022,41.9662209,23.0756589,84 Valley Edge Junction,""
1/12/2023,32.197328,117.210612,14234 Kings Junction,""
12/18/2021,-6.7157242,111.1920959,1445 Shelley Alley,""
1/5/2022,56.7034937,41.3503153,94189 Parkside Circle,""
5/27/2022,60.562013,29.8532768,8 Portage Pass,""
8/20/2022,26.974959,112.461956,8 Northview Alley,""
7/5/2023,-23.119901,-134.9702654,926 Darwin Parkway,""
12/3/2022,42.53283,113.83172,078 Mandrake Point,""
2/27/2020,-8.1924285,112.7011258,866 Tennessee Lane,""
12/23/2023,59.9050895,10.7673005,75 Sycamore Place,""
9/29/2023,45.4698284,13.6405292,85 Coleman Point,""
2/21/2022,15.2708337,-87.8672509,,""
10/24/2021,-26.360436,28.451357,,""
10/18/2022,14.5699334,121.0204582,5575 Gina Court,""
7/22/2020,-37.6981612,176.1595188,360 Talmadge Place,""
6/11/2020,10.3550571,0.4738293,9 Old Shore Place,""
1/9/2021,-18.9253941,-54.8438521,66 Rowland Plaza,""
7/23/2023,52.96202,158.25723,,""
6/3/2023,59.3500072,18.0242499,87 Drewry Trail,""
4/17/2022,52.4837296,13.3304798,5 Spaight Avenue,
5/6/2022,41.5464241,-8.2915385,9971 Westridge Alley,""
1/6/2021,11.940477,-86.1878899,15076 Erie Terrace,
2/24/2020,32.540157,111.513127,387 Elka Parkway,""
6/27/2023,35.490701,112.851831,7 Lighthouse Bay Avenue,""
4/21/2022,59.4310564,26.2664249,522 Barby Point,""
3/20/2020,34.954857,109.299475,1335 Namekagon Lane,""
6/10/2020,56.93333,49.15361,1494 Springs Terrace,""
3/20/2020,-8.2517133,111.4365318,39964 Crowley Crossing,""
8/24/2020,50.3445622,16.1514707,19 Dayton Lane,""
11/24/2022,-20.2114344,-50.9271748,9 Boyd Trail,""
8/1/2022,30.5211502,112.8915932,14 Wayridge Alley,""
4/21/2022,28.5107872,-81.4828198,920 Darwin Terrace,""
6/5/2021,52.0408964,18.9179279,99 Independence Parkway,""
8/27/2022,41.1217553,-8.228543,991 Mcguire Terrace,""
11/13/2021,23.725445,116.209841,69827 Mallard Plaza,""
9/5/2023,-8.1544,122.789,,""
4/19/2023,6.4361438,122.0324423,5643 Arrowood Place,""
2/9/2020,-6.1130137,106.1610343,761 Comanche Trail,""
1/20/2023,-23.8107528,-47.1752123,830 Fisk Road,""
10/24/2023,27.868393,113.433712,9 Dottie Hill,""
2/1/2023,41.6445836,0.587269,05895 Veith Circle,""
7/25/2020,50.1659651,16.2776842,79 Kinsman Point,""
10/5/2022,43.6276714,-79.6306718,,""
5/4/2022,31.520703,120.270218,5290 Oak Way,""
3/25/2022,60.1368081,14.3701585,9 Sutherland Avenue,""
5/7/2020,13.8105014,99.8766825,63275 Aberg Road,""
9/4/2020,28.003553,96.657898,1 Talmadge Court,""
9/16/2020,-3.7114163,104.0072348,7 Superior Terrace,""
1/19/2022,8.1104639,-67.6095967,38019 Glacier Hill Road,""
9/18/2023,-5.6371803,-78.5339632,675 Elmside Lane,""
5/15/2023,24.4314126,88.3929616,87350 Evergreen Street,""
5/22/2020,12.1348457,15.0557415,,""
3/21/2022,-37.4629159,-72.3612251,297 Mitchell Park,""
6/24/2023,52.2861138,20.8081804,4 Del Sol Parkway,""
7/12/2023,17.0852216,120.8681069,394 Paget Junction,
7/22/2022,16.4452765,120.5881071,64018 Pearson Way,""
4/30/2020,24.9640371,10.1759285,3863 Spaight Lane,""
8/3/2020,15.86056,120.55139,908 Kipling Plaza,""
10/25/2020,44.8245862,19.771335,63 Dovetail Point,""
8/1/2023,-7.5450262,111.6556388,69606 Grayhawk Way,""
2/13/2021,53.5659675,15.28454,0 Jenifer Drive,""
7/6/2023,-8.4425528,114.288097,577 Rowland Drive,""
7/26/2023,47.9956173,0.1924459,8179 Hoard Court,""
8/2/2020,14.5089177,6.7654595,24568 Texas Circle,
7/22/2020,-8.2641378,-78.1546617,,""
6/4/2021,46.1399991,14.9617162,985 Rowland Drive,""
12/19/2020,49.25362,6.16417,18838 Tomscot Circle,""
8/14/2021,40.0342727,-7.1068883,0 Oakridge Parkway,""
4/4/2021,-8.3272653,122.9409494,230 Victoria Parkway,""
4/25/2021,5.695633,-76.649812,,""
10/2/2021,31.4727877,72.9967658,620 Lillian Street,""
11/7/2021,11.7469961,11.9661922,5 Columbus Drive,""
1/6/2023,27.9424688,48.6614478,6 Mcguire Hill,""
1/5/2022,-25.3849055,-54.3030016,,""
10/30/2020,24.735427,118.641319,8 Kim Drive,""
7/13/2022,32.983101,107.766613,848 Pennsylvania Junction,""
3/17/2020,40.7655059,-8.5555429,13160 Forest Run Plaza,""
10/21/2022,-6.6018462,111.0654148,92908 Glendale Alley,""
9/28/2023,-23.1072154,-48.925516,80598 Carpenter Parkway,
1/9/2021,-7.400943,112.590061,87 Dwight Way,""
5/20/2021,31.364902,108.249509,8 Buena Vista Drive,""
9/8/2021,54.1439356,39.7408655,,""
6/18/2023,32.905305,101.755566,73076 Hoffman Trail,
5/9/2022,8.6128567,81.2179434,671 Donald Terrace,""
4/20/2023,38.7777943,-9.2518104,,
7/22/2020,43.3211671,45.9920397,63 Badeau Park,""
3/10/2021,12.225759,21.4126837,77715 Acker Plaza,""
10/14/2022,53.378253,-6.5853664,31 Marquette Place,""
10/25/2023,-6.8921607,110.6377502,8 Westend Center,""
1/26/2023,-7.9551186,-79.2394761,88885 Clarendon Terrace,""
1/7/2023,38.6226736,23.2352639,354 Florence Parkway,""
8/28/2023,53.7532734,28.0135008,15 Schiller Hill,""
6/9/2022,35.7911456,139.4574047,6153 Laurel Crossing,""
5/3/2023,22.560473,113.111612,7 Kennedy Circle,""
4/5/2023,22.2866176,114.148724,74 Kipling Avenue,""
7/4/2022,14.7049761,121.0065736,65 Victoria Drive,""
1/14/2021,27.895558,115.455558,,""
2/14/2021,32.060255,118.796877,5 Sloan Avenue,""
7/18/2022,53.4078295,42.9086187,7 Dawn Point,""
8/3/2021,30.233195,121.329456,072 Towne Junction,""
6/30/2021,30.6543991,117.5002172,93 Sachtjen Point,""
12/9/2022,36.2140865,58.7960915,,""
3/31/2020,55.7242814,37.1853286,388 Pepper Wood Center,""
3/15/2023,19.3851705,-99.1837453,8 Village Green Drive,""
12/12/2021,35.414982,116.587282,55437 Golf View Crossing,""
7/1/2020,47.3752386,-0.8453268,60972 Troy Point,""
9/7/2021,38.577099,106.186518,52 Hovde Park,""
1/23/2024,48.250574,-1.5029858,2 Northland Hill,""
4/23/2023,42.65,103.8,25453 Kenwood Parkway,""
4/19/2022,0.845865,108.8796091,3 Riverside Drive,""
7/23/2021,31.3694559,-5.7905653,9608 Crownhardt Junction,""
4/18/2023,-0.754923,132.311005,6223 Parkside Pass,""
11/6/2023,53.2264,78.9845,035 Fairview Street,""
7/26/2021,47.3640936,0.7259705,4593 Bartillon Plaza,""
10/8/2021,45.88948,126.587709,15 Butterfield Trail,""
3/15/2023,38.042805,114.514893,0 Thompson Pass,""
6/15/2021,-8.5873,122.5971,4 Paget Way,""
2/22/2023,44.7696167,19.2935412,2 Scoville Crossing,""
9/11/2021,36.114392,115.79182,9920 Melrose Lane,""
5/28/2023,23.199183,113.256439,1277 Shelley Junction,""
11/30/2021,52.9978,78.6449,98787 Fieldstone Circle,""
3/3/2022,50.4134249,14.908438,272 Haas Circle,""
5/13/2021,-20.895689,55.447006,48975 Fisk Way,""
12/6/2022,35.76588,101.87139,8 Shopko Plaza,""
12/6/2023,38.5194,-9.0138,,""
9/24/2021,54.2315533,18.7647749,92199 Kinsman Plaza,""
8/11/2022,46.364025,124.25218,0 Arizona Center,""
4/1/2020,42.3233666,-7.8585562,3340 Bluestem Circle,""
3/29/2020,35.026516,111.00746,0 Cherokee Avenue,""
12/7/2022,37.9360433,125.3575974,892 Anniversary Junction,""
9/5/2021,-0.7399711,133.7941356,18 Vermont Terrace,""
2/12/2023,44.7791213,19.3765006,488 Maryland Plaza,""
8/17/2023,49.9800949,19.234704,028 Bartillon Street,""
11/29/2021,38.4832851,-9.1025502,7 Judy Way,""
3/2/2023,41.7509723,43.5291848,,""
5/13/2021,13.8811133,123.6886104,2 Monterey Center,""
11/13/2022,20.9275148,106.4081983,34134 Claremont Junction,
5/29/2023,-13.3964033,-72.0514291,328 Packers Junction,""
8/21/2023,16.2676129,-61.527249,,""
5/30/2021,-32.947692,-60.6743215,067 Monica Trail,""
10/19/2021,14.5514305,121.0092101,2 Hoffman Court,""
3/25/2021,30.82247,28.954309,3592 Butterfield Alley,""
3/23/2021,37.56,-77.45,,""
7/17/2023,48.8231572,103.5218199,,""
9/10/2023,53.7133491,40.9922209,,""
8/5/2020,36.545015,104.138586,8 Scofield Plaza,""
3/18/2020,32.165,108.8822222,9 Warner Court,""
10/18/2021,-39.4886902,176.9054195,615 International Plaza,
12/9/2023,40.605681,20.9193691,7763 Cody Alley,""
5/28/2020,33.437877,113.609286,661 Twin Pines Park,""
1/22/2021,31.466526,116.952766,31340 Sunfield Way,""
8/13/2023,14.5665378,121.1092186,,""
9/12/2022,51.9863725,17.7680934,26 Colorado Plaza,""
6/18/2021,22.7100789,113.8547735,49881 Carioca Plaza,""
10/23/2022,-6.967,113.7517,6 Northridge Point,""
11/19/2020,44.119138,41.472429,4 Harbort Terrace,""
6/23/2022,10.0382093,124.3470114,3 Summit Trail,""
8/13/2021,47.532117,7.593124,21193 Oak Valley Point,""
2/21/2020,40.1284892,-8.8575795,31325 Helena Court,""
3/25/2023,23.112257,114.415801,,""
5/9/2023,43.654415,24.850714,1 Chinook Park,""
4/10/2021,36.7203407,-4.419495,38610 Ruskin Circle,""
12/1/2020,49.8229025,16.9204034,,""
7/5/2020,38.8777496,141.6136391,4 Acker Road,""
8/17/2020,-26.6420382,15.1639082,2 Fulton Crossing,""
9/4/2021,-6.7523072,106.0346285,01253 Linden Pass,""
5/7/2023,43.1617132,16.6926372,,""
6/4/2023,56.0302709,14.7602035,1 4th Terrace,""
3/13/2020,57.9536921,102.7445248,2715 Aberg Drive,""
8/13/2023,10.74044,-74.755272,15 Ruskin Terrace,""
9/30/2022,41.2294415,-8.3150887,33750 Village Drive,""
4/27/2020,-39.2147054,176.6906671,7855 Clyde Gallagher Park,""
3/28/2022,32.0366011,35.7288398,87 Gerald Street,""
2/15/2022,-8.4071,123.0649,29 Nevada Point,""
10/9/2020,13.75639,100.5073712,4512 Arapahoe Hill,""
5/4/2022,12.6030181,37.4521319,05681 Badeau Pass,""
7/28/2023,38.7285284,-9.4069248,139 Jay Place,""
11/28/2021,46.2893452,28.6519897,412 Pawling Center,""
1/30/2021,50.8963676,40.5554489,9 Saint Paul Circle,""
10/3/2021,-26.5157792,29.1913918,73 Sommers Terrace,""
6/19/2021,43.4945737,5.8978018,,""
5/21/2021,5.746649,-75.977569,43225 Gale Lane,""
1/8/2021,43.61812,118.05545,79 Lunder Point,""
8/15/2023,29.272581,104.874073,598 Cottonwood Avenue,""
5/1/2022,11.2363822,123.709249,,""
9/18/2020,16.4332711,120.3470571,45878 Bashford Point,""
5/27/2020,17.3378289,121.759491,1 Scott Pass,""
5/13/2020,45.2977605,2.5135985,3927 Oak Alley,""
11/4/2023,46.975033,31.9945829,54913 Red Cloud Street,""
6/16/2020,25.941708,119.560304,,""
10/28/2022,-23.668163,-46.4617086,3072 Aberg Parkway,""
2/27/2020,-23.0939881,-45.6964547,,""
11/29/2021,41.6068468,20.6036698,8629 Daystar Circle,""
3/28/2023,40.4222721,-7.921883,8019 Old Gate Pass,""
1/6/2021,29.256382,115.100568,33668 Steensland Park,""
12/29/2023,43.2370452,23.1251092,13 Straubel Avenue,""
6/9/2020,50.2642858,13.5453919,09824 Hagan Crossing,""
5/7/2022,27.756647,118.035309,5 Kropf Terrace,""
4/17/2022,41.1154773,-7.5627051,440 Myrtle Road,""
6/30/2021,-7.5450262,111.6556388,80 Magdeline Trail,""
6/27/2020,16.158922,100.603798,4680 Hansons Court,""
1/21/2023,5.9840985,116.0761121,742 Petterle Pass,""
3/2/2022,41.2797561,-7.39548,44147 Evergreen Junction,""
12/10/2021,37.8307393,-25.3919027,892 Kingsford Plaza,
5/19/2020,44.1498975,-81.0202533,48124 Ridgeway Point,""
11/6/2020,29.703113,107.389298,52 Graedel Park,
11/28/2023,43.2311668,44.6420273,23703 Basil Alley,""
4/10/2021,49.6325518,18.2841004,7723 Pankratz Street,""
1/23/2021,52.671181,18.78031,4 American Ash Way,
12/8/2020,35.663752,103.389346,,""
3/6/2021,-8.2135,124.539,04 Dawn Point,""
7/2/2022,59.4369608,24.7535747,403 Sherman Hill,
3/15/2022,12.6679167,123.9881642,49 Springs Trail,""
7/23/2020,35.897702,114.184427,44528 Green Ridge Pass,""
4/11/2022,-14.1968614,-41.6809724,76942 Duke Crossing,""
9/23/2021,35.5955313,36.0322459,9814 Del Mar Parkway,""
6/9/2023,60.9358323,25.9350435,8 Logan Drive,""
2/6/2021,49.7266083,19.8365034,,""
4/21/2021,18.1811952,104.5451903,7 Corscot Crossing,""
11/3/2020,35.289368,115.089905,4570 Hoffman Terrace,""
11/25/2022,-9.8012675,37.9201751,42799 Monument Lane,""
3/7/2020,17.424274,121.779585,,""
11/23/2021,35.2613505,25.7234164,,""
8/13/2023,21.941555,111.426122,06 Gateway Plaza,""
6/24/2022,32.04141,119.595828,800 Emmet Plaza,""
6/14/2023,-8.5277646,116.5019976,5 Reinke Court,""
6/14/2020,53.1212988,35.3879453,7917 Heffernan Alley,""
1/31/2024,6.6450416,125.3013286,7 Mallory Hill,""
12/8/2021,53.2000455,-6.1011147,6 Burning Wood Place,""
6/26/2020,20.5479443,-97.4513197,102 Darwin Alley,""
11/9/2021,62.4155589,17.3480388,6 Bay Plaza,
4/4/2021,20.9874938,-77.4185584,4 Fair Oaks Avenue,""
3/2/2021,-34.0349557,151.0998291,05 Oxford Street,""
8/10/2023,50.12514,18.3810394,11430 Esker Plaza,""
2/21/2021,31.3219,121.01853,28 Maryland Alley,""
12/28/2023,-12.077493,-77.0934017,223 Shelley Place,""
12/9/2020,49.781138,14.1671734,29222 Melody Alley,""
5/5/2023,-15.1266347,39.2687161,9 Sloan Junction,""
6/10/2022,30.190334,122.689752,28 Ronald Regan Circle,
10/29/2020,56.0302709,14.7602035,86007 Kim Pass,""
8/7/2023,23.090823,113.74595,8 Farwell Way,""
5/17/2022,49.3197453,17.0367923,49 Spohn Circle,""
5/31/2022,-0.819175,120.167297,106 Bunting Street,""
11/15/2023,49.7855549,23.8698278,40 Gina Place,""
1/4/2024,9.4693943,99.9688636,69904 Hansons Hill,""
9/26/2020,33.53228,38.00818,,
12/11/2020,59.1991816,17.8353702,942 Manufacturers Trail,""
8/4/2021,41.805699,123.431472,,""
5/11/2023,51.807911,35.2382519,,""
7/18/2020,45.9120061,6.1549499,44089 Meadow Ridge Parkway,
1/12/2021,27.6252995,111.8568586,5174 Kinsman Crossing,""
2/17/2020,14.72328,102.1609718,,
2/18/2022,13.8013,32.4078,51 Heath Court,
9/4/2021,14.5638721,121.0327599,42068 Talisman Way,""
2/25/2020,-25.9308612,28.0172442,3536 Riverside Avenue,""
3/17/2023,-6.5687237,106.6491595,,""
10/14/2020,14.63571,121.60617,6490 Dexter Point,""
8/10/2020,17.3124678,97.0149006,529 Grover Point,""
4/25/2022,31.0549151,31.380243,8372 Nevada Circle,""
6/1/2021,34.265637,107.62613,5850 Calypso Crossing,""
4/10/2023,37.8163881,66.0285106,0823 Leroy Park,""
3/13/2020,7.916433,124.200182,65 Chive Avenue,""
6/11/2022,32.094009,111.983928,36 Burrows Alley,""
4/20/2023,53.5866599,24.2503492,9 Rigney Alley,""
12/1/2021,30.2979687,120.1561748,2 Fordem Plaza,""
8/25/2020,14.5593606,121.0412391,6539 Cordelia Alley,""
12/29/2021,50.6507001,23.8954385,522 Lakewood Junction,""
1/21/2024,-26.8751803,-52.4040853,9015 Schurz Point,""
5/9/2021,50.6731869,13.9418552,,""
1/27/2021,46.748522,82.978928,,""
8/19/2020,39.3616253,-9.1576429,6270 Dexter Hill,""
3/26/2021,-6.7077,105.8906,4 Towne Place,""
2/25/2022,40.0336591,52.9759299,810 Dunning Circle,""
2/21/2020,49.8530897,20.9063169,552 Talmadge Place,""
8/20/2021,-0.7739574,102.026135,56 Bashford Hill,""
4/30/2021,43.1406976,20.5213617,620 Crest Line Terrace,""
5/7/2022,39.46667,22.73333,8 Moulton Plaza,""
12/29/2022,16.9296881,-89.8909572,09 Monument Junction,""
3/3/2021,-34.6091049,-58.7005845,585 Village Green Street,""
6/16/2021,-22.6091889,-47.4073665,08 Gulseth Park,""
5/16/2023,29.33903,104.778442,96 Raven Hill,""
8/3/2022,49.0226636,17.7792323,3 Waxwing Junction,""
6/17/2023,-6.8654713,111.6571293,42 Northport Plaza,""
6/14/2020,30.181201,114.984292,25369 Pierstorff Drive,""
4/15/2022,43.6947273,43.278773,8 Dixon Plaza,
11/9/2020,49.4709886,6.3640878,545 Butterfield Terrace,""
